{
    "members": [
        {
            "name": "Baby Gym - Londrina",
            "address": "Rua Shangai, 42, Acesso pela Seul, Jardim - Salas 4 e 5 - Cláudia, Londrina - PR, 86050-350",
            "phone": "043996517182",
            "website": "https://www.instagram.com/meubabygymlondrina/#",
            "image": "babygym.jpeg",
            "membership": 40,
            "industry": "Child Development"
        },
        {
            "name": "Alebrijes - Mexican Food",
            "address": "Av. Octávio Genta, 28-154 - Terra Bonita, Londrina - PR",
            "phone": "043996818172",
            "website": "https://www.instagram.com/alebrijesmexfood/?hl=cs",
            "image": "alebrijes.jpg",
            "membership": 1,
            "industry": "Food"
        },
        {
            "name": "Fiore D'Amore Gelato",
            "address": "Av. Higienópolis, 455 - Jardim Higienopolis, Londrina - PR, 86020-080",
            "phone": "043991002025",
            "website": "https://www.instagram.com/fioredamoregelato",
            "image": "fioredamore.jpg",
            "membership": 10,
            "industry": "Food"
        },
        {
            "name": "Colégio Positivo - Londrina",
            "address": "Av. Maringá, nº 991 - Vitoria, Londrina - PR, 86060-000",
            "phone": "04338780004",
            "website": "https://colegiopositivo.com.br/colegio/londrina/",
            "image": "positivo.jpg",
            "membership": 60,
            "industry": "Education"
        },
        {
            "name": "Restaurante Bollogna",
            "address": "Av. Tiradentes, 209 - Dom Bosco, Londrina - PR, 86070-545",
            "phone": "(208) 488-5810",
            "website": "https://bollogna.com.br/",
            "image": "bollogna.jpg",
            "membership": 2,
            "industry": "Food"
        },
        {
            "name": "A Igreja de Jesus Cristo dos Santos dos Últimos Dias",
            "address": "R. Osório Duque Estrada, 143 - Presidente, Londrina - PR, 86061-230",
            "phone": "(208) 888-4073",
            "website": "https://local.churchofjesuschrist.org/pt/br/parana/londrina/rua-osorio-duque-estrada-143?utm_source=gmb&utm_medium=yext&y_source=1_NjcwODkwODgtNzE1LWxvY2F0aW9uLndlYnNpdGU%3D",
            "image": "igreja.png",
            "membership": 100,
            "industry": "Religion"
        },
        {
            "name": "C25 - Soccer Academy",
            "address": "Arena 25 - Rod. Mabio Gonçalves Palhano, 500 - Palhano 2, Londrina - PR, 86055-585",
            "phone": "043991251125",
            "website": "https://c25socceracademy.com",
            "image": "c25.jpg",
            "membership": 60,
            "industry": "Training"
        }
    ]
}